{
  "middleware.ts": 1775911792.2135854,
  "next-env.d.ts": 1775911792.213642,
  "app/layout.tsx": 1775911792.2064855,
  "app/page.tsx": 1775993985.001397,
  "app/auth/callback/page.tsx": 1775911792.2060819,
  "app/signup/page.tsx": 1775911792.2073917,
  "app/quiz/page.tsx": 1775911792.2071345,
  "app/quiz/[id]/page.tsx": 1775911792.2070682,
  "app/daily/page.tsx": 1775911792.2062707,
  "app/results/page.tsx": 1775911792.2072287,
  "app/profile/page.tsx": 1775911792.2069392,
  "app/login/page.tsx": 1775911792.206671,
  "components/theme-provider.tsx": 1775911792.2080095,
  "components/quiz-content.tsx": 1775911792.2077384,
  "components/loading-overlay.tsx": 1775911792.207609,
  "components/header.tsx": 1775993368.1176517,
  "components/root-layout-client.tsx": 1775911792.2079442,
  "components/results-content.tsx": 1775911792.2078714,
  "components/ui/aspect-ratio.tsx": 1775911792.208359,
  "components/ui/alert-dialog.tsx": 1775911792.208176,
  "components/ui/use-mobile.tsx": 1775911792.2126808,
  "components/ui/pagination.tsx": 1775911792.2111042,
  "components/ui/tabs.tsx": 1775911792.2120795,
  "components/ui/button-group.tsx": 1775911792.2085845,
  "components/ui/card.tsx": 1775911792.2088296,
  "components/ui/slider.tsx": 1775911792.2118082,
  "components/ui/input-group.tsx": 1775911792.2104266,
  "components/ui/popover.tsx": 1775911792.2111714,
  "components/ui/progress.tsx": 1775911792.2112262,
  "components/ui/toaster.tsx": 1775911792.2123497,
  "components/ui/input-otp.tsx": 1775911792.2104845,
  "components/ui/chart.tsx": 1775911792.2092354,
  "components/ui/hover-card.tsx": 1775911792.2103066,
  "components/ui/sheet.tsx": 1775911792.2116075,
  "components/ui/field.tsx": 1775911792.210145,
  "components/ui/scroll-area.tsx": 1775911792.211395,
  "components/ui/resizable.tsx": 1775911792.2113395,
  "components/ui/label.tsx": 1775911792.2107997,
  "components/ui/sonner.tsx": 1775911792.2118597,
  "components/ui/navigation-menu.tsx": 1775911792.2110467,
  "components/ui/accordion.tsx": 1775911792.2081072,
  "components/ui/drawer.tsx": 1775911792.209826,
  "components/ui/empty.tsx": 1775911792.2100265,
  "components/ui/tooltip.tsx": 1775911792.2125876,
  "components/ui/alert.tsx": 1775911792.2082376,
  "components/ui/use-toast.ts": 1775911792.2127604,
  "components/ui/switch.tsx": 1775911792.2119598,
  "components/ui/calendar.tsx": 1775911792.2087772,
  "components/ui/breadcrumb.tsx": 1775911792.2085304,
  "components/ui/radio-group.tsx": 1775911792.2112799,
  "components/ui/command.tsx": 1775911792.2094874,
  "components/ui/item.tsx": 1775911792.2106838,
  "components/ui/toggle-group.tsx": 1775911792.2124252,
  "components/ui/avatar.tsx": 1775911792.2084239,
  "components/ui/menubar.tsx": 1775911792.2109249,
  "components/ui/kbd.tsx": 1775911792.210738,
  "components/ui/dialog.tsx": 1775911792.2097065,
  "components/ui/badge.tsx": 1775911792.2084782,
  "components/ui/sidebar.tsx": 1775911792.2116728,
  "components/ui/table.tsx": 1775911792.2120168,
  "components/ui/animated-shiny-text.tsx": 1775911792.208299,
  "components/ui/separator.tsx": 1775911792.2115533,
  "components/ui/button.tsx": 1775911792.208646,
  "components/ui/toggle.tsx": 1775911792.2125018,
  "components/ui/toast.tsx": 1775911792.2122815,
  "components/ui/highlighter.tsx": 1775911792.2102551,
  "components/ui/checkbox.tsx": 1775911792.2093017,
  "components/ui/spinner.tsx": 1775911792.2119086,
  "components/ui/collapsible.tsx": 1775911792.2093673,
  "components/ui/dropdown-menu.tsx": 1775911792.2099733,
  "components/ui/select.tsx": 1775911792.2115033,
  "components/ui/textarea.tsx": 1775911792.2121503,
  "components/ui/input.tsx": 1775911792.21054,
  "components/ui/skeleton.tsx": 1775911792.21175,
  "components/ui/context-menu.tsx": 1775911792.209634,
  "components/ui/form.tsx": 1775911792.2101996,
  "components/ui/carousel.tsx": 1775911792.2090654,
  "hooks/use-mobile.ts": 1775911792.2129233,
  "hooks/use-toast.ts": 1775911792.2130108,
  "lib/store.tsx": 1775911792.213412,
  "lib/utils.ts": 1775911792.2135334,
  "lib/api.ts": 1775911792.213259,
  "lib/types.ts": 1775911792.213478,
  "public/placeholder-logo.svg": 1775911792.2146325,
  "public/icon-light-32x32.png": 1775911792.214464,
  "public/icon-dark-32x32.png": 1775911792.2144184,
  "public/apple-icon.png": 1775911792.21437,
  "public/icon.svg": 1775911792.2145164,
  "public/placeholder-logo.png": 1775911792.214565,
  "public/placeholder-user.jpg": 1775911792.2146826,
  "public/placeholder.jpg": 1775911792.2147422,
  "public/placeholder.svg": 1775911792.2147982
}